{"cameraMode":{"drawMode":0,"name":"Shaded","section":"Shading Mode"},"sceneLighting":true,"audioPlay":false,"sceneViewState":{"showFog":true,"showMaterialUpdate":false,"showSkybox":true,"showFlares":true,"showImageEffects":true,"showParticleSystems":true},"in2DMode":false,"pivot":{"x":84.38145446777344,"y":35.85498046875,"z":-37.21337127685547},"rotation":{"x":-0.058127108961343768,"y":0.6089051961898804,"z":-0.04489197954535484,"w":-0.7900612354278565},"size":14.102323532104493,"orthographic":false}